{
    "name": "XQL HTTP ",
    "id": "SOC_Framework",
    "description": "This contents the content used to submit JSON data to XSIAM using the send_event_to_xsiam internal command in an integration.",
    "created": "2025-02-14T21:24:13Z",
    "updated": "2025-02-14T21:24:13Z",
    "legacy": true,
    "support": "community",
    "supportDetails": {},
    "eulaLink": "https://github.com/demisto/content/blob/master/LICENSE",
    "author": "Anna Barone & Scott Brumley & Nicholas Ericksen",
    "certification": "",
    "price": 0,
    "serverMinVersion": "0.0.0",
    "currentVersion": "1.0.0",
    "tags": [
        "SOC",
        "Utility"
    ],
    "categories": [
        "Utilities"
    ],
    "contentItems": {
        "automation": [],
        "playbook": [],
        "integration": [
            {
                "name": "System XQL HTTP Collector",
                "description": "This integration allows for posting data to the XSIAM using system-level send_events_to_xsiam so it can be queried via XQL",
                "category": "Utilities",
                "commands": [
                    {
                        "name": "xql-post-to-dataset",
                        "description": ""
                    }
                ]
            }
        ],
        "incidentfield": [],
        "incidenttype": [],
        "dashboard": [],
        "indicatorfield": [],
        "report": [],
        "reputation": [],
        "layoutscontainer": [],
        "pre-process-rule": [],
        "job": [],
        "classifier": [],
        "widget": [],
        "genericfield": [],
        "generictype": [],
        "genericmodule": [],
        "genericdefinition": [],
        "list": [],
        "parsingrule": [],
        "modelingrule": [],
        "correlationrule": [],
        "xsiamdashboard": [],
        "xsiamreport": [],
        "('trigger',)": [],
        "('wizard',)": [],
        "xdrctemplate": [],
        "layoutrule": []
    },
    "useCases": [],
    "keywords": [],
    "dependencies": {}
}