{
	"XDRBuiltInField": false,
	"aliasTo": "",
	"aliases": null,
	"associatedToAll": true,
	"associatedTypes": null,
	"autoCompleteTags": null,
	"breachScript": "",
	"cacheVersn": 0,
	"caseInsensitive": true,
	"cliName": "forensicfilemarkdown",
	"closeForm": false,
	"columns": null,
	"content": false,
	"defaultRows": null,
	"definitionId": "",
	"description": "",
	"editForm": true,
	"fieldCalcScript": "",
	"fromServerVersion": "",
	"group": 0,
	"hidden": false,
	"id": "incident_forensicfilemarkdown",
	"ipVersion": "",
	"isReadOnly": false,
	"itemVersion": "",
	"locked": false,
	"mergeStrategy": "",
	"name": "Forensic File Markdown",
	"neverSetAsRequired": false,
	"openEnded": false,
	"orgType": "",
	"ownerOnly": false,
	"packID": "",
	"packName": "",
	"placeholder": "",
	"pretty_name": "",
	"required": false,
	"runScriptAfterUpdate": false,
	"script": "",
	"selectValues": null,
	"selectValuesMap": null,
	"sla": 0,
	"system": false,
	"systemAssociatedTypes": null,
	"template": "",
	"threshold": 72,
	"toServerVersion": "",
	"type": "markdown",
	"unmapped": false,
	"unsearchable": true,
	"useAsKpi": false,
	"validatedError": "",
	"validationRegex": "",
	"version": -1,
	"x2_fields": ""
}