{"Category":"triage","Tag":"low_fidelity_alert_triage","Time":"2","TaskName":"","ScriptID":"","PlaybookID":null,"Product":null,"Vendor":null,"_collector_name":"Console","_collector_type":"Console","_insert_time":1729691635,"_update_time":1729691635}
{"Category":"use_case","Tag":"phishing_message_delivered","Time":"10","TaskName":"Use Case - Phishing Malicious Message Delivered","ScriptID":"","PlaybookID":"92825389-c225-4f25-81a9-5d973634aca5","Product":null,"Vendor":null,"_collector_name":"Console","_collector_type":"Console","_insert_time":1729691635,"_update_time":1729706492}
{"Category":"use_case","Tag":"malware_analytics","Time":"20","TaskName":"Use Case - Crowdstrike Analytics","ScriptID":null,"PlaybookID":"20fb8df8-0bff-41a7-813f-0353e556276f","Product":null,"Vendor":null,"_collector_name":"Console","_collector_type":"Console","_insert_time":1729691635,"_update_time":1729691635}
{"Category":"use_case","Tag":"Generic_Tasks","Time":"60","TaskName":null,"ScriptID":null,"PlaybookID":"24e24f21-de4a-47a6-8ae5-faa2e135b976","Product":null,"Vendor":null,"_collector_name":"Console","_collector_type":"Console","_insert_time":1729691635,"_update_time":1729691635}
{"Category":"use_case","Tag":"xpanse_rdp_server","Time":"3600","TaskName":"","ScriptID":"","PlaybookID":null,"Product":null,"Vendor":null,"_collector_name":"Console","_collector_type":"Console","_insert_time":1729691635,"_update_time":1729691635}
{"Category":"use_case","Tag":"malware_detection","Time":"3600","TaskName":"","ScriptID":"","PlaybookID":null,"Product":null,"Vendor":null,"_collector_name":"Console","_collector_type":"Console","_insert_time":1729691635,"_update_time":1729691635}
{"Category":"use_case","Tag":"sso_excessive_failures","Time":"3600","TaskName":"","ScriptID":"","PlaybookID":null,"Product":null,"Vendor":null,"_collector_name":"Console","_collector_type":"Console","_insert_time":1729691635,"_update_time":1729691635}
{"Category":"use_case","Tag":"data_exfiltration","Time":"3600","TaskName":"","ScriptID":"","PlaybookID":null,"Product":null,"Vendor":null,"_collector_name":"Console","_collector_type":"Console","_insert_time":1729691635,"_update_time":1729691635}
{"Category":"use_case","Tag":"lateral_movement_hunt","Time":"3600","TaskName":"CrowdStrike Falcon - Search Endpoints By Hash","ScriptID":"","PlaybookID":null,"Product":null,"Vendor":null,"_collector_name":"Console","_collector_type":"Console","_insert_time":1729691635,"_update_time":1729691635}
{"Category":"use_case","Tag":"malware_detection","Time":"3600","TaskName":"Use Case - Malware Investigation & Response Incident Handler","ScriptID":"","PlaybookID":"6390e6e0-7a4b-4473-823f-aba4fea74d40","Product":null,"Vendor":null,"_collector_name":"Console","_collector_type":"Console","_insert_time":1729691635,"_update_time":1729691635}
{"Category":"use_case","Tag":"privilege_escalation","Time":"3600","TaskName":"","ScriptID":"","PlaybookID":null,"Product":null,"Vendor":null,"_collector_name":"Console","_collector_type":"Console","_insert_time":1729691635,"_update_time":1729691635}
{"Category":"use_case","Tag":"phishing_click_permitted","Time":"60","TaskName":"","ScriptID":"","PlaybookID":"ba7aa520-0767-4b3c-87ed-79e32b5ad5dd","Product":null,"Vendor":null,"_collector_name":"Console","_collector_type":"Console","_insert_time":1729691635,"_update_time":1729707544}
{"Category":"use_case","Tag":"Alert_Source_PAN_NGFW","Time":"60","TaskName":"NGFW Alerts","ScriptID":null,"PlaybookID":"a990fd0d-ef61-4b7f-8624-445c540db9ae","Product":null,"Vendor":null,"_collector_name":"Console","_collector_type":"Console","_insert_time":1729691635,"_update_time":1729691635}
{"Category":"use_case","Tag":"ngfw_prevented","Time":"1","TaskName":"Use Case - NGFW Prevented","ScriptID":null,"PlaybookID":"19afce31-d945-4a44-800d-efd460f0c9f1","Product":null,"Vendor":null,"_collector_name":"Console","_collector_type":"Console","_insert_time":1729691635,"_update_time":1729691635}
{"Category":"use_case","Tag":"MFA_alerts","Time":"60","TaskName":"Multi Factor Alerts","ScriptID":null,"PlaybookID":"141c1bb9-f832-480c-842c-5f51d16c97c1","Product":null,"Vendor":null,"_collector_name":"Console","_collector_type":"Console","_insert_time":1729691635,"_update_time":1729691635}
{"Category":"use_case","Tag":"Alert_Source_XDR_Analytics","Time":"60","TaskName":"XDR Analytics Alerts","ScriptID":null,"PlaybookID":"27719b9f-70cc-4991-81c6-24ba34e4e231","Product":null,"Vendor":null,"_collector_name":"Console","_collector_type":"Console","_insert_time":1729691635,"_update_time":1729691635}
{"Category":"use_case","Tag":"Access_to_Cardholder_Data","Time":"60","TaskName":"Cardholder Data Access","ScriptID":null,"PlaybookID":"d227107c-3391-409c-86dd-529ed9952ade","Product":null,"Vendor":null,"_collector_name":"Console","_collector_type":"Console","_insert_time":1729691635,"_update_time":1729691635}
{"Category":"enrichment","Tag":"ask_user_email","Time":"20","TaskName":"","ScriptID":"","PlaybookID":null,"Product":null,"Vendor":null,"_collector_name":"Console","_collector_type":"Console","_insert_time":1729691635,"_update_time":1729691635}
{"Category":"enrichment","Tag":"identity_enrichment","Time":"2","TaskName":"","ScriptID":"","PlaybookID":null,"Product":null,"Vendor":null,"_collector_name":"Console","_collector_type":"Console","_insert_time":1729691635,"_update_time":1729691635}
{"Category":"enrichment","Tag":"email_enrichment","Time":"2","TaskName":"","ScriptID":"","PlaybookID":null,"Product":null,"Vendor":null,"_collector_name":"Console","_collector_type":"Console","_insert_time":1729691635,"_update_time":1729691635}
{"Category":"escalation","Tag":"escalate_snow_patch","Time":"20","TaskName":"","ScriptID":"","PlaybookID":null,"Product":null,"Vendor":null,"_collector_name":"Console","_collector_type":"Console","_insert_time":1729691635,"_update_time":1729691635}
{"Category":"escalation","Tag":"escalate_snow_reimage","Time":"20","TaskName":"","ScriptID":"","PlaybookID":null,"Product":null,"Vendor":null,"_collector_name":"Console","_collector_type":"Console","_insert_time":1729691635,"_update_time":1729691635}
{"Category":"escalation","Tag":"escalate_snow_vuln","Time":"20","TaskName":"","ScriptID":"","PlaybookID":null,"Product":null,"Vendor":null,"_collector_name":"Console","_collector_type":"Console","_insert_time":1729691635,"_update_time":1729691635}
{"Category":"escalation","Tag":"escalate_snow_restore_system","Time":"20","TaskName":"","ScriptID":"","PlaybookID":null,"Product":null,"Vendor":null,"_collector_name":"Console","_collector_type":"Console","_insert_time":1729691635,"_update_time":1729691635}
{"Category":"remediation","Tag":"reset_password","Time":"10","TaskName":"","ScriptID":"","PlaybookID":null,"Product":null,"Vendor":null,"_collector_name":"Console","_collector_type":"Console","_insert_time":1729691635,"_update_time":1729691635}
{"Category":"remediation","Tag":"reset_session_sso","Time":"10","TaskName":"","ScriptID":"","PlaybookID":null,"Product":null,"Vendor":null,"_collector_name":"Console","_collector_type":"Console","_insert_time":1729691635,"_update_time":1729691635}
{"Category":"remediation","Tag":"isolate_network","Time":"10","TaskName":"","ScriptID":"","PlaybookID":null,"Product":null,"Vendor":null,"_collector_name":"Console","_collector_type":"Console","_insert_time":1729691635,"_update_time":1729691635}
{"Category":"remediation","Tag":"pull_malicious_email","Time":"10","TaskName":"","ScriptID":"","PlaybookID":null,"Product":null,"Vendor":null,"_collector_name":"Console","_collector_type":"Console","_insert_time":1729691635,"_update_time":1729691635}
{"Category":"remediation","Tag":"block_malcious_domain","Time":"10","TaskName":"","ScriptID":"","PlaybookID":null,"Product":null,"Vendor":null,"_collector_name":"Console","_collector_type":"Console","_insert_time":1729691635,"_update_time":1729691635}
{"Category":"remediation","Tag":"isolate_endpoint","Time":"10","TaskName":"","ScriptID":"","PlaybookID":null,"Product":null,"Vendor":null,"_collector_name":"Console","_collector_type":"Console","_insert_time":1729691635,"_update_time":1729691635}
{"Category":"remediation","Tag":"revoke_credentials","Time":"10","TaskName":"","ScriptID":"","PlaybookID":null,"Product":null,"Vendor":null,"_collector_name":"Console","_collector_type":"Console","_insert_time":1729691635,"_update_time":1729691635}
{"Category":"remediation","Tag":"remove_malware","Time":"10","TaskName":"","ScriptID":"","PlaybookID":null,"Product":null,"Vendor":null,"_collector_name":"Console","_collector_type":"Console","_insert_time":1729691635,"_update_time":1729691635}
{"Category":"enrichment","Tag":"armis_search_devices","Time":"2","TaskName":null,"ScriptID":"|armis-search-devices","PlaybookID":null,"Product":"Platform","Vendor":"Armis","_collector_name":"Console","_collector_type":"Console","_insert_time":1729691635,"_update_time":1729691635}
{"Category":"case_management","Tag":"slack_notify","Time":"2","TaskName":null,"ScriptID":"|send-notification","PlaybookID":null,"Product":"Messenger","Vendor":"Slack","_collector_name":"Console","_collector_type":"Console","_insert_time":1729691635,"_update_time":1729691635}
{"Category":"Custom","Tag":"custom_script","Time":"2","TaskName":null,"ScriptID":"Custom","PlaybookID":null,"Product":"Custom Script","Vendor":"Customer","_collector_name":"Console","_collector_type":"Console","_insert_time":1729691635,"_update_time":1729691635}
{"Category":"enrichment","Tag":"ad_get_user","Time":"2","TaskName":null,"ScriptID":"|ad-get-user","PlaybookID":null,"Product":"Active Directory","Vendor":"Microsoft","_collector_name":"Console","_collector_type":"Console","_insert_time":1729691635,"_update_time":1729691635}
{"Category":"escalation","Tag":"pagerduty_event","Time":"2","TaskName":null,"ScriptID":"|PagerDuty-submit-event","PlaybookID":null,"Product":"Incident Management","Vendor":"Pager Duty","_collector_name":"Console","_collector_type":"Console","_insert_time":1729691635,"_update_time":1729691635}
{"Category":"enrichment","Tag":"proofpoint_forensics","Time":"5","TaskName":null,"ScriptID":"|proofpoint-get-forensics","PlaybookID":null,"Product":"TAP","Vendor":"Proofpoint","_collector_name":"Console","_collector_type":"Console","_insert_time":1729691635,"_update_time":1729691635}
{"Category":"assessment","Tag":"hash_search","Time":"2","TaskName":"","ScriptID":"|cs-falcon-device-count-ioc","PlaybookID":null,"Product":"Falcon","Vendor":"CrowdStrike","_collector_name":"Console","_collector_type":"Console","_insert_time":1729691635,"_update_time":1729691635}
{"Category":"enrichment","Tag":"forensic_enrichment","Time":"2","TaskName":"","ScriptID":"|cs-falcon-rtr-list-network-stats","PlaybookID":null,"Product":"Falcon","Vendor":"CrowdStrike","_collector_name":"Console","_collector_type":"Console","_insert_time":1729691635,"_update_time":1729691635}
{"Category":"enrichment","Tag":"host_enrichment","Time":"2","TaskName":"","ScriptID":"|cs-falcon-search-device","PlaybookID":null,"Product":"Falcon","Vendor":"CrowdStrike","_collector_name":"Console","_collector_type":"Console","_insert_time":1729691635,"_update_time":1729691635}
{"Category":"enrichment","Tag":"forensic_enrichment","Time":"2","TaskName":"","ScriptID":"|cs-falcon-rtr-list-processes","PlaybookID":"","Product":"Falcon","Vendor":"CrowdStrike","_collector_name":"Console","_collector_type":"Console","_insert_time":1729691635,"_update_time":1729691635}
{"Category":"enrichment","Tag":"recordedfuture_enrichment","Time":"2","TaskName":"","ScriptID":"|recordedfuture-intelligence","PlaybookID":null,"Product":"Intelligence","Vendor":"Recorded Future","_collector_name":"Console","_collector_type":"Console","_insert_time":1729691635,"_update_time":1729691635}
{"Category":"triage","Tag":"dedup_alert","Time":"2","TaskName":"","ScriptID":"DBotFindSimilarAlerts","PlaybookID":null,"Product":"XSIAM","Vendor":"Palo Alto Networks","_collector_name":"Console","_collector_type":"Console","_insert_time":1729691635,"_update_time":1729691635}
{"Category":"triage","Tag":"upon_trigger","Time":"2","TaskName":"Foundation - Upon Trigger","ScriptID":"","PlaybookID":null,"Product":"XSIAM","Vendor":"Palo Alto Networks","_collector_name":"Console","_collector_type":"Console","_insert_time":1729691635,"_update_time":1729691635}
{"Category":"enrichment","Tag":"web_enrichment","Time":"","TaskName":null,"ScriptID":"http","PlaybookID":null,"Product":"XSIAM","Vendor":"Palo Alto Networks","_collector_name":"Console","_collector_type":"Console","_insert_time":1729691635,"_update_time":1729691635}
{"Category":"enrichment","Tag":"ip_enrichment","Time":"2","TaskName":"","ScriptID":"|ip","PlaybookID":null,"Product":"XSIAM","Vendor":"Palo Alto Networks","_collector_name":"Console","_collector_type":"Console","_insert_time":1729691635,"_update_time":1729691635}
{"Category":"enrichment","Tag":"web_enrichment","Time":"5","TaskName":null,"ScriptID":"|rasterize","PlaybookID":null,"Product":"XSIAM","Vendor":"Palo Alto Networks","_collector_name":"Console","_collector_type":"Console","_insert_time":1729691635,"_update_time":1729691635}
{"Category":"enrichment","Tag":"mitre_enrichment","Time":"2","TaskName":"","ScriptID":"|mitre-get-indicator-name","PlaybookID":null,"Product":"XSIAM","Vendor":"Palo Alto Networks","_collector_name":"Console","_collector_type":"Console","_insert_time":1729691635,"_update_time":1729691635}
{"Category":"enrichment","Tag":"indicator_scoring","Time":"","TaskName":null,"ScriptID":"GetIndicatorDBotScore","PlaybookID":null,"Product":"XSIAM","Vendor":"Palo Alto Networks","_collector_name":"Console","_collector_type":"Console","_insert_time":1729691635,"_update_time":1729691635}
{"Category":"enrichment","Tag":"mitre_enrichment","Time":"2","TaskName":"","ScriptID":"|attack-pattern","PlaybookID":null,"Product":"XSIAM","Vendor":"Palo Alto Networks","_collector_name":"Console","_collector_type":"Console","_insert_time":1729691635,"_update_time":1729691635}
{"Category":"enrichment","Tag":"dbot_enrichment","Time":"2","TaskName":null,"ScriptID":"GetIndicatorDBotScoreFromCache","PlaybookID":null,"Product":"XSIAM","Vendor":"Palo Alto Networks","_collector_name":"Console","_collector_type":"Console","_insert_time":1729691635,"_update_time":1729691635}
{"Category":"enrichment","Tag":"dbot_enrichment","Time":"2","TaskName":null,"ScriptID":"|extractIndicators","PlaybookID":null,"Product":"XSIAM","Vendor":"Palo Alto Networks","_collector_name":"Console","_collector_type":"Console","_insert_time":1729691635,"_update_time":1729691635}
{"Category":"case_management","Tag":"set_context","Time":"","TaskName":"Set","ScriptID":"Set","PlaybookID":null,"Product":"XSIAM","Vendor":"Palo Alto Networks","_collector_name":"Console","_collector_type":"Console","_insert_time":1729691635,"_update_time":1729691635}
{"Category":"case_management","Tag":"close_investigation","Time":"","TaskName":"","ScriptID":"|closeInvestigation","PlaybookID":null,"Product":"XSIAM","Vendor":"Palo Alto Networks","_collector_name":"Console","_collector_type":"Console","_insert_time":1729691635,"_update_time":1729691635}
{"Category":"case_management","Tag":"set_alert","Time":null,"TaskName":null,"ScriptID":"|setAlert","PlaybookID":null,"Product":"XSIAM","Vendor":"Palo Alto Networks","_collector_name":"Console","_collector_type":"Console","_insert_time":1729691635,"_update_time":1729691635}
{"Category":"case_management","Tag":"send_mail","Time":"","TaskName":null,"ScriptID":"|send-mail","PlaybookID":null,"Product":"XSIAM","Vendor":"Palo Alto Networks","_collector_name":"Console","_collector_type":"Console","_insert_time":1729691635,"_update_time":1729691635}
