{
	"brands": null,
	"cacheVersn": 0,
	"defaultIncidentType": "",
	"definitionId": "",
	"description": "",
	"feed": false,
	"fromServerVersion": "6.0.0",
	"id": "05e0aeaf-57ca-40f1-8090-1b01e0f80549",
	"incidentSamples": null,
	"indicatorSamples": null,
	"instanceIds": null,
	"itemVersion": "1.2.11",
	"keyTypeMap": {},
	"locked": false,
	"logicalVersion": 8,
	"mapping": {
		"Phishing Alerts": {
			"dontMapEventToLabels": false,
			"internalMapping": {
				"Alert Action": {
					"simple": "type"
				},
				"Email CC": {
					"complex": {
						"filters": [],
						"root": "ccAddresses",
						"transformers": [
							{
								"args": {
									"separator": {
										"isContext": false,
										"value": {
											"simple": ","
										}
									}
								},
								"operator": "join"
							}
						]
					}
				},
				"Email From": {
					"complex": {
						"filters": [],
						"root": "fromAddress",
						"transformers": [
							{
								"args": {
									"separator": {
										"isContext": false,
										"value": {
											"simple": ","
										}
									}
								},
								"operator": "join"
							}
						]
					}
				},
				"Email In Reply To": {
					"complex": {
						"filters": [],
						"root": "replyToAddress",
						"transformers": [
							{
								"args": {
									"separator": {
										"isContext": false,
										"value": {
											"simple": ","
										}
									}
								},
								"operator": "join"
							}
						]
					}
				},
				"Email Internal Message ID": {
					"simple": "GUID"
				},
				"Email Message ID": {
					"simple": "messageID"
				},
				"Email Sender IP": {
					"simple": "senderIP"
				},
				"Email Subject": {
					"simple": "subject"
				},
				"Email To": {
					"complex": {
						"filters": [],
						"root": "recipient",
						"transformers": [
							{
								"args": {
									"separator": {
										"isContext": false,
										"value": {
											"simple": ","
										}
									}
								},
								"operator": "join"
							}
						]
					}
				},
				"occurred": {
					"simple": "messageTime"
				}
			}
		},
		"Proofpoint TAP - Click Blocked": {
			"dontMapEventToLabels": false,
			"internalMapping": {
				"Proofpoint TAP Classification": {
					"simple": "classification"
				},
				"Proofpoint TAP Click IP": {
					"simple": "clickIP"
				},
				"Proofpoint TAP Click Time": {
					"complex": {
						"filters": [],
						"root": "clickTime",
						"transformers": []
					}
				},
				"Proofpoint TAP GUID": {
					"simple": "GUID"
				},
				"Proofpoint TAP ID": {
					"simple": "id"
				},
				"Proofpoint TAP Message ID": {
					"simple": "messageID"
				},
				"Proofpoint TAP SMTP Recipient": {
					"simple": "recipient"
				},
				"Proofpoint TAP SMTP Sender": {
					"simple": "sender"
				},
				"Proofpoint TAP Sender IP": {
					"simple": "senderIP"
				},
				"Proofpoint TAP Suspicious URL": {
					"simple": "url"
				},
				"Proofpoint TAP Threat ID": {
					"simple": "threatID"
				},
				"Proofpoint TAP Threat Status": {
					"simple": "threatStatus"
				},
				"Proofpoint TAP Threat Time": {
					"simple": "threatTime"
				},
				"Proofpoint TAP Threat URL": {
					"simple": "threatURL"
				},
				"Proofpoint TAP Type": {
					"simple": "type"
				},
				"Proofpoint TAP User Agent": {
					"simple": "userAgent"
				}
			}
		},
		"Proofpoint TAP - Click Permitted": {
			"dontMapEventToLabels": false,
			"internalMapping": {
				"Proofpoint TAP Classification": {
					"simple": "classification"
				},
				"Proofpoint TAP Click IP": {
					"simple": "clickIP"
				},
				"Proofpoint TAP Click Time": {
					"complex": {
						"filters": [],
						"root": "clickTime",
						"transformers": []
					}
				},
				"Proofpoint TAP GUID": {
					"simple": "GUID"
				},
				"Proofpoint TAP ID": {
					"simple": "id"
				},
				"Proofpoint TAP Message ID": {
					"simple": "messageID"
				},
				"Proofpoint TAP SMTP Recipient": {
					"simple": "recipient"
				},
				"Proofpoint TAP SMTP Sender": {
					"simple": "sender"
				},
				"Proofpoint TAP Sender IP": {
					"simple": "senderIP"
				},
				"Proofpoint TAP Suspicious URL": {
					"simple": "url"
				},
				"Proofpoint TAP Threat ID": {
					"simple": "threatID"
				},
				"Proofpoint TAP Threat Info Map": {
					"complex": {
						"filters": [],
						"root": "threatsInfoMap",
						"transformers": [
							{
								"operator": "ConvertKeysToTableFieldFormat"
							}
						]
					}
				},
				"Proofpoint TAP Threat Status": {
					"simple": "threatStatus"
				},
				"Proofpoint TAP Threat Time": {
					"simple": "threatTime"
				},
				"Proofpoint TAP Threat URL": {
					"simple": "threatURL"
				},
				"Proofpoint TAP Type": {
					"simple": "type"
				},
				"Proofpoint TAP User Agent": {
					"simple": "userAgent"
				},
				"Remote IP": {
					"simple": "clickIP"
				}
			}
		},
		"Proofpoint TAP - Message Blocked": {
			"dontMapEventToLabels": false,
			"internalMapping": {
				"Proofpoint TAP Cluster": {
					"simple": "cluster"
				},
				"Proofpoint TAP Examined By": {
					"complex": {
						"filters": [],
						"root": "modulesRun",
						"transformers": [
							{
								"args": {
									"separator": {
										"isContext": false,
										"value": {
											"simple": ","
										}
									}
								},
								"operator": "join"
							}
						]
					}
				},
				"Proofpoint TAP GUID": {
					"simple": "GUID"
				},
				"Proofpoint TAP Header CC": {
					"complex": {
						"filters": [],
						"root": "ccAddresses",
						"transformers": [
							{
								"args": {
									"separator": {
										"isContext": false,
										"value": {
											"simple": ","
										}
									}
								},
								"operator": "join"
							}
						]
					}
				},
				"Proofpoint TAP Headers From": {
					"simple": "headerFrom"
				},
				"Proofpoint TAP Headers Reply To": {
					"simple": "replyToAddress"
				},
				"Proofpoint TAP ID": {
					"simple": "id"
				},
				"Proofpoint TAP Imposter Score": {
					"simple": "impostorScore"
				},
				"Proofpoint TAP Long Subject": {
					"complex": {
						"filters": [],
						"root": "subject",
						"transformers": []
					}
				},
				"Proofpoint TAP Malware Score": {
					"simple": "malwareScore"
				},
				"Proofpoint TAP Message ID": {
					"simple": "messageID"
				},
				"Proofpoint TAP Message Parts": {
					"complex": {
						"filters": [],
						"root": "messageParts",
						"transformers": [
							{
								"operator": "ConvertKeysToTableFieldFormat"
							}
						]
					}
				},
				"Proofpoint TAP Message Size": {
					"complex": {
						"filters": [],
						"root": "messageSize",
						"transformers": [
							{
								"args": {
									"by": {
										"isContext": false,
										"value": {
											"simple": "1000"
										}
									}
								},
								"operator": "division"
							},
							{
								"args": {
									"prefix": {
										"isContext": false
									},
									"suffix": {
										"isContext": false,
										"value": {
											"simple": " KB"
										}
									}
								},
								"operator": "concat"
							}
						]
					}
				},
				"Proofpoint TAP Phishing Score": {
					"simple": "phishScore"
				},
				"Proofpoint TAP Policies": {
					"complex": {
						"filters": [],
						"root": "policyRoutes",
						"transformers": [
							{
								"args": {
									"separator": {
										"isContext": false,
										"value": {
											"simple": ","
										}
									}
								},
								"operator": "join"
							}
						]
					}
				},
				"Proofpoint TAP Quarantine Folder": {
					"simple": "quarantineFolder"
				},
				"Proofpoint TAP Quarantine Rule": {
					"simple": "quarantineRule"
				},
				"Proofpoint TAP Reply To Address": {
					"complex": {
						"filters": [],
						"root": "replyToAddress",
						"transformers": [
							{
								"args": {
									"separator": {
										"isContext": false,
										"value": {
											"simple": ","
										}
									}
								},
								"operator": "join"
							}
						]
					}
				},
				"Proofpoint TAP SMTP Recipient": {
					"complex": {
						"filters": [],
						"root": "recipient",
						"transformers": [
							{
								"args": {
									"separator": {
										"isContext": false,
										"value": {
											"simple": ","
										}
									}
								},
								"operator": "join"
							}
						]
					}
				},
				"Proofpoint TAP SMTP Sender": {
					"simple": "sender"
				},
				"Proofpoint TAP Sender Address": {
					"complex": {
						"filters": [],
						"root": "fromAddress",
						"transformers": [
							{
								"args": {
									"separator": {
										"isContext": false,
										"value": {
											"simple": ","
										}
									}
								},
								"operator": "join"
							}
						]
					}
				},
				"Proofpoint TAP Spam Score": {
					"simple": "spamScore"
				},
				"Proofpoint TAP Subject": {
					"simple": "subject"
				},
				"Proofpoint TAP Threat Info Map": {
					"complex": {
						"filters": [],
						"root": "threatsInfoMap",
						"transformers": [
							{
								"operator": "ConvertKeysToTableFieldFormat"
							}
						]
					}
				},
				"Proofpoint TAP Type": {
					"simple": "type"
				},
				"Proofpoint TAP Xmailer": {
					"simple": "xmailer"
				}
			}
		},
		"Proofpoint TAP - Message Delivered": {
			"dontMapEventToLabels": false,
			"internalMapping": {
				"Proofpoint TAP Cluster": {
					"simple": "cluster"
				},
				"Proofpoint TAP Examined By": {
					"complex": {
						"filters": [],
						"root": "modulesRun",
						"transformers": [
							{
								"args": {
									"separator": {
										"isContext": false,
										"value": {
											"simple": ","
										}
									}
								},
								"operator": "join"
							}
						]
					}
				},
				"Proofpoint TAP GUID": {
					"simple": "GUID"
				},
				"Proofpoint TAP Header CC": {
					"complex": {
						"filters": [],
						"root": "ccAddresses",
						"transformers": [
							{
								"args": {
									"separator": {
										"isContext": false,
										"value": {
											"simple": ","
										}
									}
								},
								"operator": "join"
							}
						]
					}
				},
				"Proofpoint TAP Headers From": {
					"simple": "headerFrom"
				},
				"Proofpoint TAP Headers Reply To": {
					"simple": "replyToAddress"
				},
				"Proofpoint TAP ID": {
					"simple": "id"
				},
				"Proofpoint TAP Imposter Score": {
					"simple": "impostorScore"
				},
				"Proofpoint TAP Long Subject": {
					"complex": {
						"filters": [],
						"root": "subject",
						"transformers": []
					}
				},
				"Proofpoint TAP Malware Score": {
					"simple": "malwareScore"
				},
				"Proofpoint TAP Message ID": {
					"simple": "messageID"
				},
				"Proofpoint TAP Message Parts": {
					"complex": {
						"filters": [],
						"root": "messageParts",
						"transformers": [
							{
								"operator": "ConvertKeysToTableFieldFormat"
							}
						]
					}
				},
				"Proofpoint TAP Message Size": {
					"complex": {
						"filters": [],
						"root": "messageSize",
						"transformers": [
							{
								"args": {
									"by": {
										"isContext": false,
										"value": {
											"simple": "1000"
										}
									}
								},
								"operator": "division"
							},
							{
								"args": {
									"prefix": {
										"isContext": false
									},
									"suffix": {
										"isContext": false,
										"value": {
											"simple": " KB"
										}
									}
								},
								"operator": "concat"
							}
						]
					}
				},
				"Proofpoint TAP Phishing Score": {
					"simple": "phishScore"
				},
				"Proofpoint TAP Policies": {
					"complex": {
						"filters": [],
						"root": "policyRoutes",
						"transformers": [
							{
								"args": {
									"separator": {
										"isContext": false,
										"value": {
											"simple": ","
										}
									}
								},
								"operator": "join"
							}
						]
					}
				},
				"Proofpoint TAP Quarantine Folder": {
					"simple": "quarantineFolder"
				},
				"Proofpoint TAP Quarantine Rule": {
					"simple": "quarantineRule"
				},
				"Proofpoint TAP Reply To Address": {
					"complex": {
						"filters": [],
						"root": "replyToAddress",
						"transformers": [
							{
								"args": {
									"separator": {
										"isContext": false,
										"value": {
											"simple": ","
										}
									}
								},
								"operator": "join"
							}
						]
					}
				},
				"Proofpoint TAP SMTP Recipient": {
					"complex": {
						"filters": [],
						"root": "recipient",
						"transformers": [
							{
								"args": {
									"separator": {
										"isContext": false,
										"value": {
											"simple": ","
										}
									}
								},
								"operator": "join"
							}
						]
					}
				},
				"Proofpoint TAP SMTP Sender": {
					"simple": "sender"
				},
				"Proofpoint TAP Sender Address": {
					"complex": {
						"filters": [],
						"root": "fromAddress",
						"transformers": [
							{
								"args": {
									"separator": {
										"isContext": false,
										"value": {
											"simple": ","
										}
									}
								},
								"operator": "join"
							}
						]
					}
				},
				"Proofpoint TAP Spam Score": {
					"simple": "spamScore"
				},
				"Proofpoint TAP Subject": {
					"simple": "subject"
				},
				"Proofpoint TAP Threat Info Map": {
					"complex": {
						"filters": [],
						"root": "threatsInfoMap",
						"transformers": [
							{
								"operator": "ConvertKeysToTableFieldFormat"
							}
						]
					}
				},
				"Proofpoint TAP Type": {
					"simple": "type"
				},
				"Proofpoint TAP Xmailer": {
					"simple": "xmailer"
				}
			}
		},
		"dbot_classification_incident_type_all": {
			"dontMapEventToLabels": false,
			"internalMapping": {
				"Detection URL": {
					"simple": "threatsInfoMap.[0].threat"
				},
				"Domain": {
					"simple": "threatsInfoMap.[0].threat"
				},
				"Initiator MD5": {
					"simple": "messageParts.[0].md5"
				},
				"Initiator SHA256": {
					"simple": "messageParts.[0].sha256"
				},
				"Local IP": {
					"simple": "senderIP"
				},
				"Remote IP": {
					"simple": "senderIP"
				},
				"User name": {
					"simple": "recipient"
				}
			}
		}
	},
	"name": "Proofpoint TAP Mapper - XSIAM",
	"nameRaw": "Proofpoint TAP Mapper - XSIAM",
	"packID": "",
	"packName": "Proofpoint TAP",
	"sourceClassifierId": "Proofpoint TAP Mapper",
	"system": false,
	"toServerVersion": "",
	"transformer": {},
	"type": "mapping-incoming",
	"unclassifiedCases": null,
	"version": -1
}