{
	"cacheVersn": 0,
	"close": null,
	"definitionId": "",
	"description": "",
	"detached": false,
	"details": null,
	"detailsV2": {
		"TypeName": "",
		"tabs": [
			{
				"id": "summary",
				"name": "Legacy Summary",
				"type": "summary"
			},
			{
				"id": "caseinfoid",
				"name": "Alert Info",
				"sections": [
					{
						"displayType": "ROW",
						"h": 2,
						"i": "caseinfoid-fce71720-98b0-11e9-97d7-ed26ef9e46c8",
						"isVisible": true,
						"items": [
							{
								"endCol": 2,
								"fieldId": "type",
								"height": 26,
								"id": "incident-type-field",
								"index": 0,
								"sectionItemType": "field",
								"startCol": 0
							},
							{
								"endCol": 2,
								"fieldId": "severity",
								"height": 26,
								"id": "incident-severity-field",
								"index": 1,
								"sectionItemType": "field",
								"startCol": 0
							},
							{
								"endCol": 2,
								"fieldId": "owner",
								"height": 26,
								"id": "incident-owner-field",
								"index": 2,
								"sectionItemType": "field",
								"startCol": 0
							},
							{
								"endCol": 2,
								"fieldId": "sourcebrand",
								"height": 26,
								"id": "incident-sourceBrand-field",
								"index": 3,
								"sectionItemType": "field",
								"startCol": 0
							},
							{
								"endCol": 2,
								"fieldId": "sourceinstance",
								"height": 26,
								"id": "incident-sourceInstance-field",
								"index": 4,
								"sectionItemType": "field",
								"startCol": 0
							},
							{
								"endCol": 2,
								"fieldId": "playbookid",
								"height": 26,
								"id": "incident-playbookId-field",
								"index": 5,
								"sectionItemType": "field",
								"startCol": 0
							}
						],
						"maxW": 3,
						"moved": false,
						"name": "Case Details",
						"static": false,
						"w": 1,
						"x": 0,
						"y": 2
					},
					{
						"h": 4,
						"i": "caseinfoid-61263cc0-98b1-11e9-97d7-ed26ef9e46c8",
						"maxW": 3,
						"moved": false,
						"name": "Notes",
						"static": false,
						"type": "notes",
						"w": 1,
						"x": 2,
						"y": 2
					},
					{
						"displayType": "ROW",
						"h": 2,
						"i": "caseinfoid-6aabad20-98b1-11e9-97d7-ed26ef9e46c8",
						"maxW": 3,
						"moved": false,
						"name": "Work Plan",
						"static": false,
						"type": "workplan",
						"w": 1,
						"x": 1,
						"y": 2
					},
					{
						"columns": [
							{
								"defaultWidth": 120,
								"displayed": true,
								"isDefault": true,
								"key": "indicator_type",
								"width": 120
							},
							{
								"defaultWidth": 300,
								"displayed": true,
								"isDefault": true,
								"key": "value",
								"width": 300
							},
							{
								"defaultWidth": 120,
								"displayed": true,
								"isDefault": true,
								"key": "score",
								"width": 120
							},
							{
								"defaultWidth": 150,
								"displayed": true,
								"isDefault": true,
								"key": "relatedIncCount",
								"width": 150
							}
						],
						"displayType": "ROW",
						"h": 2,
						"i": "caseinfoid-7ce69dd0-a07f-11e9-936c-5395a1acf11e",
						"maxW": 3,
						"moved": false,
						"name": "Indicators",
						"query": "verdict:Unknown or verdict:Benign or verdict:Suspicious or verdict:Malicious",
						"queryType": "input",
						"static": false,
						"type": "indicators",
						"w": 3,
						"x": 0,
						"y": 6
					},
					{
						"displayType": "CARD",
						"h": 2,
						"i": "caseinfoid-ac32f620-a0b0-11e9-b27f-13ae1773d289",
						"items": [
							{
								"endCol": 1,
								"fieldId": "occurred",
								"height": 26,
								"id": "incident-occurred-field",
								"index": 0,
								"sectionItemType": "field",
								"startCol": 0
							},
							{
								"endCol": 1,
								"fieldId": "dbotmodified",
								"height": 26,
								"id": "incident-modified-field",
								"index": 1,
								"sectionItemType": "field",
								"startCol": 0
							},
							{
								"endCol": 2,
								"fieldId": "dbotduedate",
								"height": 26,
								"id": "incident-dueDate-field",
								"index": 2,
								"sectionItemType": "field",
								"startCol": 0
							},
							{
								"endCol": 2,
								"fieldId": "dbotcreated",
								"height": 26,
								"id": "incident-created-field",
								"index": 0,
								"sectionItemType": "field",
								"startCol": 1
							},
							{
								"endCol": 2,
								"fieldId": "dbotclosed",
								"height": 26,
								"id": "incident-closed-field",
								"index": 1,
								"sectionItemType": "field",
								"startCol": 1
							}
						],
						"maxW": 3,
						"moved": false,
						"name": "Timeline Information",
						"static": false,
						"w": 1,
						"x": 0,
						"y": 4
					},
					{
						"displayType": "ROW",
						"h": 2,
						"i": "caseinfoid-88e6bf70-a0b1-11e9-b27f-13ae1773d289",
						"isVisible": true,
						"items": [
							{
								"endCol": 2,
								"fieldId": "dbotclosed",
								"height": 26,
								"id": "incident-dbotClosed-field",
								"index": 0,
								"sectionItemType": "field",
								"startCol": 0
							},
							{
								"endCol": 2,
								"fieldId": "closereason",
								"height": 26,
								"id": "incident-closeReason-field",
								"index": 1,
								"sectionItemType": "field",
								"startCol": 0
							},
							{
								"endCol": 2,
								"fieldId": "closenotes",
								"height": 26,
								"id": "incident-closeNotes-field",
								"index": 2,
								"sectionItemType": "field",
								"startCol": 0
							}
						],
						"maxW": 3,
						"moved": false,
						"name": "Closing Information",
						"static": false,
						"w": 3,
						"x": 0,
						"y": 8
					},
					{
						"displayType": "CARD",
						"h": 2,
						"i": "caseinfoid-e54b1770-a0b1-11e9-b27f-13ae1773d289",
						"isVisible": true,
						"items": [
							{
								"endCol": 2,
								"fieldId": "details",
								"height": 26,
								"id": "incident-details-field",
								"index": 0,
								"sectionItemType": "field",
								"startCol": 0
							}
						],
						"maxW": 3,
						"moved": false,
						"name": "Investigation Data",
						"static": false,
						"w": 1,
						"x": 1,
						"y": 4
					},
					{
						"displayType": "ROW",
						"h": 2,
						"hideName": false,
						"i": "caseinfoid-6acf73e0-2d0d-11ef-9544-45545bbd85d1",
						"items": [
							{
								"endCol": 2,
								"fieldId": "remoteip",
								"height": 26,
								"id": "7b3f5e70-2d0d-11ef-9544-45545bbd85d1",
								"index": 0,
								"sectionItemType": "field",
								"startCol": 0
							},
							{
								"endCol": 2,
								"fieldId": "proofpointtapsubject",
								"height": 26,
								"id": "7e607490-2d0d-11ef-9544-45545bbd85d1",
								"index": 1,
								"sectionItemType": "field",
								"startCol": 0
							},
							{
								"endCol": 2,
								"fieldId": "emailrecipient",
								"height": 26,
								"id": "86189f00-2d0d-11ef-9544-45545bbd85d1",
								"index": 2,
								"sectionItemType": "field",
								"startCol": 0
							},
							{
								"endCol": 2,
								"fieldId": "proofpointtapsmtpsender",
								"height": 26,
								"id": "89b85b00-2d0d-11ef-9544-45545bbd85d1",
								"index": 3,
								"sectionItemType": "field",
								"startCol": 0
							},
							{
								"endCol": 2,
								"fieldId": "proofpointtapclickip",
								"height": 26,
								"id": "992617d0-2d0d-11ef-9544-45545bbd85d1",
								"index": 4,
								"sectionItemType": "field",
								"startCol": 0
							},
							{
								"endCol": 2,
								"fieldId": "proofpointtapmessageid",
								"height": 26,
								"id": "9ee690f0-2d0d-11ef-9544-45545bbd85d1",
								"index": 5,
								"sectionItemType": "field",
								"startCol": 0
							},
							{
								"endCol": 4,
								"fieldId": "proofpointtapid",
								"height": 26,
								"id": "a22dccb0-2d0d-11ef-9544-45545bbd85d1",
								"index": 0,
								"sectionItemType": "field",
								"startCol": 2
							},
							{
								"endCol": 4,
								"fieldId": "proofpointtapmessagesize",
								"height": 26,
								"id": "a9bfaa70-2d0d-11ef-9544-45545bbd85d1",
								"index": 1,
								"sectionItemType": "field",
								"startCol": 2
							},
							{
								"endCol": 4,
								"fieldId": "proofpointtapphishingscore",
								"height": 26,
								"id": "ac4ce500-2d0d-11ef-9544-45545bbd85d1",
								"index": 2,
								"sectionItemType": "field",
								"startCol": 2
							},
							{
								"endCol": 4,
								"fieldId": "proofpointtapspamscore",
								"height": 26,
								"id": "afaa8ef0-2d0d-11ef-9544-45545bbd85d1",
								"index": 3,
								"sectionItemType": "field",
								"startCol": 2
							},
							{
								"endCol": 4,
								"fieldId": "proofpointtapimposterscore",
								"height": 26,
								"id": "e50e3e50-2d0f-11ef-a34b-534e0cf4d4f7",
								"index": 4,
								"sectionItemType": "field",
								"startCol": 2
							},
							{
								"endCol": 4,
								"fieldId": "proofpointtapthreaturl",
								"height": 26,
								"id": "651897c0-3d60-11ef-b165-415ae3f80991",
								"index": 6,
								"sectionItemType": "field",
								"startCol": 2
							}
						],
						"maxW": 3,
						"minH": 1,
						"moved": false,
						"name": "Proofpoint Details",
						"static": false,
						"w": 2,
						"x": 0,
						"y": 0
					},
					{
						"displayType": "ROW",
						"h": 2,
						"hideName": false,
						"i": "caseinfoid-b5076440-2d0d-11ef-9544-45545bbd85d1",
						"items": [
							{
								"args": {},
								"buttonClass": "error",
								"endCol": 2,
								"fieldId": "",
								"height": 44,
								"hexColor": null,
								"id": "c29f0180-2d0d-11ef-9544-45545bbd85d1",
								"index": 0,
								"name": "Open Ticket - Delete Email",
								"scriptId": "Builtin|||setIndicator",
								"sectionItemType": "button",
								"startCol": 0
							},
							{
								"args": {},
								"buttonClass": "primary",
								"endCol": 2,
								"fieldId": "",
								"height": 44,
								"hexColor": null,
								"id": "db419db0-2d0d-11ef-9544-45545bbd85d1",
								"index": 1,
								"name": "Close as False Positive",
								"scriptId": "Builtin|||setIndicator",
								"sectionItemType": "button",
								"startCol": 0
							},
							{
								"args": {},
								"buttonClass": "warning",
								"endCol": 2,
								"fieldId": "",
								"height": 44,
								"hexColor": null,
								"id": "3350c1e0-3d60-11ef-b165-415ae3f80991",
								"index": 2,
								"name": "Reset Credentials",
								"scriptId": "Builtin|||setIndicator",
								"sectionItemType": "button",
								"startCol": 0
							},
							{
								"args": {},
								"buttonClass": "warning",
								"endCol": 2,
								"fieldId": "",
								"height": 44,
								"hexColor": null,
								"id": "b54c6710-2d0e-11ef-9544-45545bbd85d1",
								"index": 3,
								"name": "Reset User Sessions",
								"scriptId": "Builtin|||setIndicator",
								"sectionItemType": "button",
								"startCol": 0
							}
						],
						"maxW": 3,
						"minH": 1,
						"moved": false,
						"name": "Quick Actions",
						"static": false,
						"w": 1,
						"x": 2,
						"y": 0
					}
				],
				"type": "custom"
			},
			{
				"hidden": false,
				"id": "nklhmoosju",
				"name": "Forensics",
				"sections": [
					{
						"displayType": "CARD",
						"h": 4,
						"hideItemTitleOnlyOne": false,
						"hideName": false,
						"i": "nklhmoosju-d62ee4b0-3819-11ef-bd23-412abdba0454",
						"items": [
							{
								"endCol": 4,
								"fieldId": "forensicsummarymarkdown",
								"height": 106,
								"id": "531afdc0-3d5f-11ef-b165-415ae3f80991",
								"index": 0,
								"sectionItemType": "field",
								"startCol": 0
							},
							{
								"endCol": 4,
								"fieldId": "forensicnetworkmarkdown",
								"height": 106,
								"id": "54b4b090-3d5f-11ef-b165-415ae3f80991",
								"index": 1,
								"sectionItemType": "field",
								"startCol": 0
							},
							{
								"endCol": 4,
								"fieldId": "forensicfilemarkdown",
								"height": 106,
								"id": "55d14420-3d5f-11ef-b165-415ae3f80991",
								"index": 3,
								"sectionItemType": "field",
								"startCol": 0
							},
							{
								"dropEffect": "move",
								"endCol": 4,
								"fieldId": "forensicdnsmarkdown",
								"height": 106,
								"id": "57380010-3d5f-11ef-b165-415ae3f80991",
								"index": 4,
								"listId": "nklhmoosju-d62ee4b0-3819-11ef-bd23-412abdba0454",
								"sectionItemType": "field",
								"startCol": 0
							}
						],
						"maxW": 3,
						"minH": 1,
						"moved": false,
						"name": "Forensics",
						"static": false,
						"w": 2,
						"x": 0,
						"y": 0
					},
					{
						"displayType": "ROW",
						"h": 4,
						"hideName": false,
						"i": "nklhmoosju-99a8ac70-381d-11ef-bd23-412abdba0454",
						"items": [
							{
								"args": {},
								"buttonClass": "error",
								"endCol": 2,
								"fieldId": "",
								"height": 44,
								"hexColor": null,
								"id": "d37ce740-381d-11ef-bd23-412abdba0454",
								"index": 0,
								"name": "Escalate",
								"scriptId": "Builtin|||setIndicator",
								"sectionItemType": "button",
								"startCol": 0
							},
							{
								"args": {
									"tags": {
										"simple": "block"
									}
								},
								"buttonClass": "warning",
								"endCol": 2,
								"fieldId": "",
								"height": 44,
								"hexColor": null,
								"id": "dc827940-381d-11ef-bd23-412abdba0454",
								"index": 1,
								"name": "Block IP",
								"scriptId": "Builtin|||setIndicator",
								"sectionItemType": "button",
								"startCol": 0
							},
							{
								"args": {},
								"endCol": 2,
								"fieldId": "",
								"height": 44,
								"id": "f3c9a420-381d-11ef-bd23-412abdba0454",
								"index": 2,
								"name": "Close as False Positive",
								"scriptId": "Builtin|||setIndicator",
								"sectionItemType": "button",
								"startCol": 0
							}
						],
						"maxW": 3,
						"minH": 1,
						"moved": false,
						"name": "Actions",
						"static": false,
						"w": 1,
						"x": 2,
						"y": 0
					},
					{
						"h": 6,
						"i": "nklhmoosju-b0d5bfa0-381d-11ef-bd23-412abdba0454",
						"items": [],
						"maxW": 3,
						"minH": 1,
						"moved": false,
						"name": "Notes",
						"static": false,
						"type": "notes",
						"w": 3,
						"x": 0,
						"y": 9
					},
					{
						"displayType": "ROW",
						"h": 5,
						"hideItemTitleOnlyOne": true,
						"hideName": false,
						"i": "nklhmoosju-9cfb86b0-3d5c-11ef-b165-415ae3f80991",
						"items": [
							{
								"endCol": 4,
								"fieldId": "httprawhtml",
								"height": 52,
								"id": "aa15b690-3d5c-11ef-b165-415ae3f80991",
								"index": 0,
								"sectionItemType": "field",
								"startCol": 0
							}
						],
						"maxW": 3,
						"minH": 1,
						"moved": false,
						"name": "Raw HTML",
						"static": false,
						"w": 2,
						"x": 0,
						"y": 4
					},
					{
						"displayType": "ROW",
						"h": 5,
						"hideItemTitleOnlyOne": true,
						"hideName": false,
						"i": "nklhmoosju-af037660-3d5c-11ef-b165-415ae3f80991",
						"items": [
							{
								"endCol": 2,
								"fieldId": "httpcookiesmd",
								"height": 26,
								"id": "4507b2c0-3d5d-11ef-b165-415ae3f80991",
								"index": 0,
								"sectionItemType": "field",
								"startCol": 0
							}
						],
						"maxW": 3,
						"minH": 1,
						"moved": false,
						"name": "HTTP Cookies",
						"static": false,
						"w": 1,
						"x": 2,
						"y": 4
					}
				],
				"type": "custom"
			},
			{
				"id": "warRoom",
				"name": "War Room",
				"type": "warRoom"
			},
			{
				"id": "workPlan",
				"name": "Work Plan",
				"type": "workPlan"
			}
		]
	},
	"edit": null,
	"fromServerVersion": "",
	"group": "incident",
	"id": "0b2ab89d-3524-42ed-8479-e34edc832b1d",
	"indicatorsDetails": null,
	"indicatorsQuickView": null,
	"itemVersion": "",
	"locked": false,
	"mobile": null,
	"name": "Proofpoint - Click Permitted",
	"packID": "",
	"packName": "",
	"quickView": null,
	"quickViewV2": null,
	"system": false,
	"toServerVersion": "",
	"version": -1
}